committee_id,knesset_num,ministry_he,notes_he
4186,25,שר האוצר,מבוסס על חובת הדיווח התקופתית של השרים לוועדות כפי שנקבעה בוועדת הכנסת בתחילת כהונת הכנסת ה-25 (ישיבת 26.6.23).
4187,25,השר לביטחון לאומי,מבוסס על חובת הדיווח התקופתית של השרים לוועדות כפי שנקבעה בוועדת הכנסת בתחילת כהונת הכנסת ה-25 (ישיבת 26.6.23).
4187,25,השר לחיזוק וקידום קהילתי,מבוסס על חובת הדיווח התקופתית של השרים לוועדות כפי שנקבעה בוועדת הכנסת בתחילת כהונת הכנסת ה-25 (ישיבת 26.6.23).
4189,25,שר הבריאות,מבוסס על חובת הדיווח התקופתית של השרים לוועדות כפי שנקבעה בוועדת הכנסת בתחילת כהונת הכנסת ה-25 (ישיבת 26.6.23).
4190,25,ראש הממשלה,מבוסס על חובת הדיווח התקופתית של השרים לוועדות כפי שנקבעה בוועדת הכנסת בתחילת כהונת הכנסת ה-25 (ישיבת 26.6.23).
4190,25,שר הביטחון,מבוסס על חובת הדיווח התקופתית של השרים לוועדות כפי שנקבעה בוועדת הכנסת בתחילת כהונת הכנסת ה-25 (ישיבת 26.6.23).
4190,25,שר ההסברה,מבוסס על חובת הדיווח התקופתית של השרים לוועדות כפי שנקבעה בוועדת הכנסת בתחילת כהונת הכנסת ה-25 (ישיבת 26.6.23).
4190,25,שר ההתיישבות והמשימות הלאומיות,מבוסס על חובת הדיווח התקופתית של השרים לוועדות כפי שנקבעה בוועדת הכנסת בתחילת כהונת הכנסת ה-25 (ישיבת 26.6.23).
4190,25,שר החוץ,מבוסס על חובת הדיווח התקופתית של השרים לוועדות כפי שנקבעה בוועדת הכנסת בתחילת כהונת הכנסת ה-25 (ישיבת 26.6.23).
4190,25,שר המודיעין,מבוסס על חובת הדיווח התקופתית של השרים לוועדות כפי שנקבעה בוועדת הכנסת בתחילת כהונת הכנסת ה-25 (ישיבת 26.6.23).
4190,25,השר לעניינים אסטרטגיים,מבוסס על חובת הדיווח התקופתית של השרים לוועדות כפי שנקבעה בוועדת הכנסת בתחילת כהונת הכנסת ה-25 (ישיבת 26.6.23).
4190,25,השר לשיתוף פעולה אזורי,מבוסס על חובת הדיווח התקופתית של השרים לוועדות כפי שנקבעה בוועדת הכנסת בתחילת כהונת הכנסת ה-25 (ישיבת 26.6.23).
4191,25,שר המשפטים,מבוסס על חובת הדיווח התקופתית של השרים לוועדות כפי שנקבעה בוועדת הכנסת בתחילת כהונת הכנסת ה-25 (ישיבת 26.6.23).
4192,25,שר החינוך,מבוסס על חובת הדיווח התקופתית של השרים לוועדות כפי שנקבעה בוועדת הכנסת בתחילת כהונת הכנסת ה-25 (ישיבת 26.6.23).
4192,25,שר ירושלים ומסורת ישראל,מבוסס על חובת הדיווח התקופתית של השרים לוועדות כפי שנקבעה בוועדת הכנסת בתחילת כהונת הכנסת ה-25 (ישיבת 26.6.23).
4192,25,שר המורשת,מבוסס על חובת הדיווח התקופתית של השרים לוועדות כפי שנקבעה בוועדת הכנסת בתחילת כהונת הכנסת ה-25 (ישיבת 26.6.23).
4192,25,שר התרבות והספורט,מבוסס על חובת הדיווח התקופתית של השרים לוועדות כפי שנקבעה בוועדת הכנסת בתחילת כהונת הכנסת ה-25 (ישיבת 26.6.23).
4193,25,שר האנרגיה והתשתיות,מבוסס על חובת הדיווח התקופתית של השרים לוועדות כפי שנקבעה בוועדת הכנסת בתחילת כהונת הכנסת ה-25 (ישיבת 26.6.23).
4193,25,שר החקלאות ופיתוח הכפר,מבוסס על חובת הדיווח התקופתית של השרים לוועדות כפי שנקבעה בוועדת הכנסת בתחילת כהונת הכנסת ה-25 (ישיבת 26.6.23).
4193,25,"שר הנגב, הגליל והחוסן הלאומי",מבוסס על חובת הדיווח התקופתית של השרים לוועדות כפי שנקבעה בוועדת הכנסת בתחילת כהונת הכנסת ה-25 (ישיבת 26.6.23).
4193,25,שר התחבורה והבטיחות בדרכים,מבוסס על חובת הדיווח התקופתית של השרים לוועדות כפי שנקבעה בוועדת הכנסת בתחילת כהונת הכנסת ה-25 (ישיבת 26.6.23).
4193,25,שר התיירות,מבוסס על חובת הדיווח התקופתית של השרים לוועדות כפי שנקבעה בוועדת הכנסת בתחילת כהונת הכנסת ה-25 (ישיבת 26.6.23).
4193,25,שר הכלכלה והתעשייה,מבוסס על חובת הדיווח התקופתית של השרים לוועדות כפי שנקבעה בוועדת הכנסת בתחילת כהונת הכנסת ה-25 (ישיבת 26.6.23).
4193,25,שר התקשורת,מבוסס על חובת הדיווח התקופתית של השרים לוועדות כפי שנקבעה בוועדת הכנסת בתחילת כהונת הכנסת ה-25 (ישיבת 26.6.23).
4195,25,"שר החדשנות, המדע והטכנולוגיה",מבוסס על חובת הדיווח התקופתית של השרים לוועדות כפי שנקבעה בוועדת הכנסת בתחילת כהונת הכנסת ה-25 (ישיבת 26.6.23).
4195,25,שר הכלכלה והתעשייה,מבוסס על חובת הדיווח התקופתית של השרים לוועדות כפי שנקבעה בוועדת הכנסת בתחילת כהונת הכנסת ה-25 (ישיבת 26.6.23).
4196,25,שר העבודה,מבוסס על חובת הדיווח התקופתית של השרים לוועדות כפי שנקבעה בוועדת הכנסת בתחילת כהונת הכנסת ה-25 (ישיבת 26.6.23).
4196,25,שר הרווחה והביטחון החברתי,מבוסס על חובת הדיווח התקופתית של השרים לוועדות כפי שנקבעה בוועדת הכנסת בתחילת כהונת הכנסת ה-25 (ישיבת 26.6.23).
4196,25,שר הכלכלה והתעשייה,מבוסס על חובת הדיווח התקופתית של השרים לוועדות כפי שנקבעה בוועדת הכנסת בתחילת כהונת הכנסת ה-25 (ישיבת 26.6.23).
4196,25,השר לשוויון חברתי,מבוסס על חובת הדיווח התקופתית של השרים לוועדות כפי שנקבעה בוועדת הכנסת בתחילת כהונת הכנסת ה-25 (ישיבת 26.6.23).
4197,25,שר העלייה והקליטה,מבוסס על חובת הדיווח התקופתית של השרים לוועדות כפי שנקבעה בוועדת הכנסת בתחילת כהונת הכנסת ה-25 (ישיבת 26.6.23).
4197,25,שר התפוצות והמאבק באנטישמיות,מבוסס על חובת הדיווח התקופתית של השרים לוועדות כפי שנקבעה בוועדת הכנסת בתחילת כהונת הכנסת ה-25 (ישיבת 26.6.23).
4198,25,שר הבינוי והשיכון,מבוסס על חובת הדיווח התקופתית של השרים לוועדות כפי שנקבעה בוועדת הכנסת בתחילת כהונת הכנסת ה-25 (ישיבת 26.6.23).
4198,25,השר להגנת הסביבה,מבוסס על חובת הדיווח התקופתית של השרים לוועדות כפי שנקבעה בוועדת הכנסת בתחילת כהונת הכנסת ה-25 (ישיבת 26.6.23).
4198,25,שר הפנים,מבוסס על חובת הדיווח התקופתית של השרים לוועדות כפי שנקבעה בוועדת הכנסת בתחילת כהונת הכנסת ה-25 (ישיבת 26.6.23).
4198,25,השר לשירותי דת,מבוסס על חובת הדיווח התקופתית של השרים לוועדות כפי שנקבעה בוועדת הכנסת בתחילת כהונת הכנסת ה-25 (ישיבת 26.6.23).
4200,25,השר לקידום מעמד האישה,מבוסס על חובת הדיווח התקופתית של השרים לוועדות כפי שנקבעה בוועדת הכנסת בתחילת כהונת הכנסת ה-25 (ישיבת 26.6.23).
4200,25,השר לשוויון חברתי,מבוסס על חובת הדיווח התקופתית של השרים לוועדות כפי שנקבעה בוועדת הכנסת בתחילת כהונת הכנסת ה-25 (ישיבת 26.6.23).
